source,model,task,T,rule,greedy,plain,loss,gain,lo,hi,acc
main_grid,gemma-3-12b-it,gsm8k,0.7,top_p,90.0,92.0,-2.0,0.6666666666666665,-4.0,5.333333333333334,92.66666666666666
main_grid,gemma-3-12b-it,gsm8k,0.7,top_k,90.0,92.0,-2.0,-1.9999999999999993,-6.683333333333334,2.666666666666668,90.0
main_grid,gemma-3-12b-it,gsm8k,0.7,min_p,90.0,92.0,-2.0,0.0,-4.016666666666667,4.666666666666667,92.0
main_grid,gemma-3-12b-it,gsm8k,0.7,top_n_sigma,90.0,92.0,-2.0,4.263256414560601e-16,-3.9999999999999996,4.000000000000001,92.0
main_grid,gemma-3-12b-it,gsm8k,1.0,top_p,90.0,91.33333333333333,-1.3333333333333286,-1.9999999999999998,-6.666666666666668,2.666666666666667,89.33333333333334
main_grid,gemma-3-12b-it,gsm8k,1.0,top_k,90.0,91.33333333333333,-1.3333333333333286,1.333333333333333,-2.6666666666666674,6.0,92.66666666666666
main_grid,gemma-3-12b-it,gsm8k,1.0,min_p,90.0,91.33333333333333,-1.3333333333333286,1.3333333333333337,-3.3333333333333326,6.666666666666668,92.66666666666666
main_grid,gemma-3-12b-it,gsm8k,1.0,top_n_sigma,90.0,91.33333333333333,-1.3333333333333286,0.6666666666666669,-4.0,5.34999999999991,92.0
main_grid,gemma-3-12b-it,gsm8k,1.3,top_p,90.0,88.66666666666666,1.3333333333333428,2.666666666666666,-0.666666666666667,7.333333333333332,91.33333333333334
main_grid,gemma-3-12b-it,gsm8k,1.3,top_k,90.0,88.66666666666666,1.3333333333333428,2.666666666666666,-1.3333333333333337,7.333333333333332,91.33333333333333
main_grid,gemma-3-12b-it,gsm8k,1.3,min_p,90.0,88.66666666666666,1.3333333333333428,4.0,-0.6666666666666669,9.999999999999998,92.66666666666667
main_grid,gemma-3-12b-it,gsm8k,1.3,top_n_sigma,90.0,88.66666666666666,1.3333333333333428,0.6666666666666664,-2.0000000000000004,3.333333333333333,89.33333333333333
main_grid,gemma-3-12b-it,mmlu_pro,0.7,top_p,57.99999999999999,63.33333333333333,-5.333333333333336,3.333333333333333,-1.9999999999999993,8.666666666666666,66.66666666666666
main_grid,gemma-3-12b-it,mmlu_pro,0.7,top_k,57.99999999999999,63.33333333333333,-5.333333333333336,-1.4210854715202004e-16,-5.333333333333332,4.666666666666666,63.33333333333333
main_grid,gemma-3-12b-it,mmlu_pro,0.7,min_p,57.99999999999999,63.33333333333333,-5.333333333333336,3.333333333333333,-1.333333333333334,8.0,66.66666666666666
main_grid,gemma-3-12b-it,mmlu_pro,0.7,top_n_sigma,57.99999999999999,63.33333333333333,-5.333333333333336,1.9999999999999998,-2.0166666666666653,6.666666666666665,65.33333333333334
main_grid,gemma-3-12b-it,mmlu_pro,1.0,top_p,57.99999999999999,64.66666666666666,-6.666666666666664,4.0,-3.3333333333333326,10.666666666666668,68.66666666666667
main_grid,gemma-3-12b-it,mmlu_pro,1.0,top_k,57.99999999999999,64.66666666666666,-6.666666666666664,2.842170943040401e-16,-7.333333333333332,6.666666666666668,64.66666666666666
main_grid,gemma-3-12b-it,mmlu_pro,1.0,min_p,57.99999999999999,64.66666666666666,-6.666666666666664,2.0,-4.0,8.0,66.66666666666666
main_grid,gemma-3-12b-it,mmlu_pro,1.0,top_n_sigma,57.99999999999999,64.66666666666666,-6.666666666666664,-0.6666666666666667,-6.666666666666665,4.0,63.99999999999999
main_grid,gemma-3-12b-it,mmlu_pro,1.3,top_p,57.99999999999999,60.00000000000001,-2.000000000000014,6.666666666666666,-0.6666666666666663,14.000000000000002,66.66666666666667
main_grid,gemma-3-12b-it,mmlu_pro,1.3,top_k,57.99999999999999,60.00000000000001,-2.000000000000014,3.3333333333333326,-3.333333333333333,9.999999999999998,63.33333333333333
main_grid,gemma-3-12b-it,mmlu_pro,1.3,min_p,57.99999999999999,60.00000000000001,-2.000000000000014,4.0,-2.666666666666666,10.666666666666664,63.99999999999999
main_grid,gemma-3-12b-it,mmlu_pro,1.3,top_n_sigma,57.99999999999999,60.00000000000001,-2.000000000000014,6.0,0.0,12.666666666666668,66.0
main_grid,llama-3.1-8b-instruct,gsm8k,0.7,top_p,76.0,77.33333333333333,-1.3333333333333286,7.333333333333332,-8.562039965909205e-16,15.999999999999998,84.66666666666666
main_grid,llama-3.1-8b-instruct,gsm8k,0.7,top_k,76.0,77.33333333333333,-1.3333333333333286,5.333333333333334,-1.3333333333333328,12.016666666666577,82.66666666666666
main_grid,llama-3.1-8b-instruct,gsm8k,0.7,min_p,76.0,77.33333333333333,-1.3333333333333286,6.0,-1.3333333333333335,13.999999999999998,83.33333333333334
main_grid,llama-3.1-8b-instruct,gsm8k,0.7,top_n_sigma,76.0,77.33333333333333,-1.3333333333333286,7.333333333333332,0.6666666666666665,14.666666666666663,84.66666666666666
main_grid,llama-3.1-8b-instruct,gsm8k,1.0,top_p,76.0,79.99999999999999,-3.999999999999986,-3.333333333333333,-8.666666666666668,1.3333333333333337,76.66666666666666
main_grid,llama-3.1-8b-instruct,gsm8k,1.0,top_k,76.0,79.99999999999999,-3.999999999999986,-2.0000000000000004,-8.666666666666666,4.666666666666666,78.0
main_grid,llama-3.1-8b-instruct,gsm8k,1.0,min_p,76.0,79.99999999999999,-3.999999999999986,-4.666666666666667,-12.0,2.0000000000000004,75.33333333333333
main_grid,llama-3.1-8b-instruct,gsm8k,1.0,top_n_sigma,76.0,79.99999999999999,-3.999999999999986,1.333333333333333,-4.666666666666666,7.333333333333332,81.33333333333333
main_grid,llama-3.1-8b-instruct,gsm8k,1.3,top_p,76.0,47.333333333333336,28.666666666666664,18.666666666666664,10.666666666666668,26.666666666666664,66.0
main_grid,llama-3.1-8b-instruct,gsm8k,1.3,top_k,76.0,47.333333333333336,28.666666666666664,12.000000000000002,3.333333333333334,21.33333333333333,59.333333333333336
main_grid,llama-3.1-8b-instruct,gsm8k,1.3,min_p,76.0,47.333333333333336,28.666666666666664,24.666666666666664,17.333333333333336,32.0,72.0
main_grid,llama-3.1-8b-instruct,gsm8k,1.3,top_n_sigma,76.0,47.333333333333336,28.666666666666664,31.33333333333333,22.0,40.66666666666667,78.66666666666667
main_grid,llama-3.1-8b-instruct,mmlu_pro,0.7,top_p,50.0,48.0,2.0,4.666666666666667,-0.6666666666666663,10.666666666666668,52.666666666666664
main_grid,llama-3.1-8b-instruct,mmlu_pro,0.7,top_k,50.0,48.0,2.0,2.666666666666666,-4.666666666666666,9.999999999999998,50.66666666666667
main_grid,llama-3.1-8b-instruct,mmlu_pro,0.7,min_p,50.0,48.0,2.0,3.333333333333334,-3.333333333333334,11.333333333333332,51.33333333333333
main_grid,llama-3.1-8b-instruct,mmlu_pro,0.7,top_n_sigma,50.0,48.0,2.0,7.999999999999999,2.0000000000000004,14.0,56.00000000000001
main_grid,llama-3.1-8b-instruct,mmlu_pro,1.0,top_p,50.0,38.0,12.0,8.666666666666666,1.3333333333333326,16.0,46.666666666666664
main_grid,llama-3.1-8b-instruct,mmlu_pro,1.0,top_k,50.0,38.0,12.0,10.666666666666664,2.666666666666666,18.666666666666664,48.666666666666664
main_grid,llama-3.1-8b-instruct,mmlu_pro,1.0,min_p,50.0,38.0,12.0,9.999999999999998,3.9999999999999987,16.666666666666664,48.0
main_grid,llama-3.1-8b-instruct,mmlu_pro,1.0,top_n_sigma,50.0,38.0,12.0,14.0,6.666666666666666,21.999999999999996,52.0
main_grid,llama-3.1-8b-instruct,mmlu_pro,1.3,top_p,50.0,10.0,40.0,6.666666666666666,0.6666666666666665,13.333333333333332,16.666666666666664
main_grid,llama-3.1-8b-instruct,mmlu_pro,1.3,top_k,50.0,10.0,40.0,14.666666666666663,7.333333333333331,22.0,24.666666666666668
main_grid,llama-3.1-8b-instruct,mmlu_pro,1.3,min_p,50.0,10.0,40.0,29.33333333333333,20.0,39.33333333333333,39.33333333333333
main_grid,llama-3.1-8b-instruct,mmlu_pro,1.3,top_n_sigma,50.0,10.0,40.0,41.99999999999999,31.33333333333333,53.33333333333334,52.0
main_grid,mistral-7b-instruct-v0.3,gsm8k,0.7,top_p,28.000000000000004,31.333333333333336,-3.333333333333332,-5.333333333333334,-12.666666666666668,1.999999999999999,26.0
main_grid,mistral-7b-instruct-v0.3,gsm8k,0.7,top_k,28.000000000000004,31.333333333333336,-3.333333333333332,0.6666666666666654,-8.666666666666668,9.333333333333332,31.999999999999996
main_grid,mistral-7b-instruct-v0.3,gsm8k,0.7,min_p,28.000000000000004,31.333333333333336,-3.333333333333332,-2.0000000000000004,-7.999999999999999,3.9999999999999996,29.33333333333333
main_grid,mistral-7b-instruct-v0.3,gsm8k,0.7,top_n_sigma,28.000000000000004,31.333333333333336,-3.333333333333332,-3.333333333333333,-12.666666666666664,5.999999999999999,27.999999999999996
main_grid,mistral-7b-instruct-v0.3,gsm8k,1.0,top_p,28.000000000000004,28.666666666666668,-0.6666666666666643,2.666666666666667,-3.9999999999999987,8.666666666666668,31.333333333333336
main_grid,mistral-7b-instruct-v0.3,gsm8k,1.0,top_k,28.000000000000004,28.666666666666668,-0.6666666666666643,1.3333333333333326,-4.666666666666666,7.333333333333332,30.0
main_grid,mistral-7b-instruct-v0.3,gsm8k,1.0,min_p,28.000000000000004,28.666666666666668,-0.6666666666666643,-1.333333333333333,-8.666666666666666,6.016666666666576,27.333333333333332
main_grid,mistral-7b-instruct-v0.3,gsm8k,1.0,top_n_sigma,28.000000000000004,28.666666666666668,-0.6666666666666643,2.000000000000001,-4.666666666666666,8.666666666666668,30.666666666666664
main_grid,mistral-7b-instruct-v0.3,gsm8k,1.3,top_p,28.000000000000004,32.0,-3.9999999999999964,-1.333333333333333,-9.333333333333332,6.666666666666666,30.666666666666664
main_grid,mistral-7b-instruct-v0.3,gsm8k,1.3,top_k,28.000000000000004,32.0,-3.9999999999999964,7.105427357601002e-16,-9.333333333333332,8.666666666666668,32.0
main_grid,mistral-7b-instruct-v0.3,gsm8k,1.3,min_p,28.000000000000004,32.0,-3.9999999999999964,-2.666666666666666,-10.666666666666664,6.000000000000001,29.33333333333333
main_grid,mistral-7b-instruct-v0.3,gsm8k,1.3,top_n_sigma,28.000000000000004,32.0,-3.9999999999999964,-1.9999999999999998,-11.33333333333333,7.333333333333334,30.0
main_grid,mistral-7b-instruct-v0.3,mmlu_pro,0.7,top_p,40.0,29.333333333333332,10.666666666666668,1.333333333333333,-5.333333333333332,7.999999999999999,30.666666666666664
main_grid,mistral-7b-instruct-v0.3,mmlu_pro,0.7,top_k,40.0,29.333333333333332,10.666666666666668,3.3333333333333326,-4.666666666666667,12.0,32.666666666666664
main_grid,mistral-7b-instruct-v0.3,mmlu_pro,0.7,min_p,40.0,29.333333333333332,10.666666666666668,3.9999999999999987,-1.9999999999999993,9.999999999999998,33.33333333333333
main_grid,mistral-7b-instruct-v0.3,mmlu_pro,0.7,top_n_sigma,40.0,29.333333333333332,10.666666666666668,4.666666666666666,-3.3333333333333326,13.33333333333333,34.0
main_grid,mistral-7b-instruct-v0.3,mmlu_pro,1.0,top_p,40.0,34.666666666666664,5.333333333333336,-4.666666666666666,-11.333333333333332,1.9999999999999998,30.0
main_grid,mistral-7b-instruct-v0.3,mmlu_pro,1.0,top_k,40.0,34.666666666666664,5.333333333333336,2.666666666666666,-4.666666666666666,9.333333333333332,37.33333333333333
main_grid,mistral-7b-instruct-v0.3,mmlu_pro,1.0,min_p,40.0,34.666666666666664,5.333333333333336,-2.666666666666666,-9.333333333333332,3.9999999999999987,32.0
main_grid,mistral-7b-instruct-v0.3,mmlu_pro,1.0,top_n_sigma,40.0,34.666666666666664,5.333333333333336,-1.333333333333333,-8.666666666666664,5.999999999999999,33.33333333333333
main_grid,mistral-7b-instruct-v0.3,mmlu_pro,1.3,top_p,40.0,20.0,20.0,5.333333333333334,-2.0,12.666666666666664,25.33333333333333
main_grid,mistral-7b-instruct-v0.3,mmlu_pro,1.3,top_k,40.0,20.0,20.0,6.0,-2.666666666666666,14.666666666666664,26.0
main_grid,mistral-7b-instruct-v0.3,mmlu_pro,1.3,min_p,40.0,20.0,20.0,8.666666666666666,1.3333333333333337,16.01666666666658,28.666666666666668
main_grid,mistral-7b-instruct-v0.3,mmlu_pro,1.3,top_n_sigma,40.0,20.0,20.0,14.666666666666668,6.0,23.333333333333336,34.66666666666666
main_grid,qwen2.5-7b-instruct,gsm8k,0.7,top_p,92.0,92.66666666666666,-0.6666666666666572,1.4210854715202004e-16,-1.9999999999999998,2.0,92.66666666666666
main_grid,qwen2.5-7b-instruct,gsm8k,0.7,top_k,92.0,92.66666666666666,-0.6666666666666572,-2.666666666666667,-8.0,2.6666666666666656,90.0
main_grid,qwen2.5-7b-instruct,gsm8k,0.7,min_p,92.0,92.66666666666666,-0.6666666666666572,-2.666666666666667,-6.666666666666668,0.6666666666666664,90.0
main_grid,qwen2.5-7b-instruct,gsm8k,0.7,top_n_sigma,92.0,92.66666666666666,-0.6666666666666572,1.9999999999999993,-0.6666666666666669,4.666666666666666,94.66666666666667
main_grid,qwen2.5-7b-instruct,gsm8k,1.0,top_p,92.0,87.33333333333333,4.666666666666671,3.3333333333333326,-1.3333333333333335,7.999999999999999,90.66666666666666
main_grid,qwen2.5-7b-instruct,gsm8k,1.0,top_k,92.0,87.33333333333333,4.666666666666671,-1.3333333333333335,-6.666666666666666,4.0,86.0
main_grid,qwen2.5-7b-instruct,gsm8k,1.0,min_p,92.0,87.33333333333333,4.666666666666671,4.666666666666666,-2.016666666666667,11.333333333333336,92.0
main_grid,qwen2.5-7b-instruct,gsm8k,1.0,top_n_sigma,92.0,87.33333333333333,4.666666666666671,3.9999999999999996,-5.684341886080802e-16,8.666666666666666,91.33333333333333
main_grid,qwen2.5-7b-instruct,gsm8k,1.3,top_p,92.0,88.66666666666666,3.333333333333343,1.3333333333333326,-3.333333333333334,6.666666666666666,90.0
main_grid,qwen2.5-7b-instruct,gsm8k,1.3,top_k,92.0,88.66666666666666,3.333333333333343,2.666666666666666,-0.6666666666666667,6.0,91.33333333333333
main_grid,qwen2.5-7b-instruct,gsm8k,1.3,min_p,92.0,88.66666666666666,3.333333333333343,5.333333333333332,0.6666666666666664,10.666666666666664,94.0
main_grid,qwen2.5-7b-instruct,gsm8k,1.3,top_n_sigma,92.0,88.66666666666666,3.333333333333343,3.333333333333333,-2.842170943040401e-16,7.333333333333332,92.0
main_grid,qwen2.5-7b-instruct,mmlu_pro,0.7,top_p,62.0,65.33333333333333,-3.3333333333333286,1.3333333333333326,-6.666666666666668,8.666666666666664,66.66666666666667
main_grid,qwen2.5-7b-instruct,mmlu_pro,0.7,top_k,62.0,65.33333333333333,-3.3333333333333286,-2.6666666666666674,-10.0,4.666666666666666,62.66666666666666
main_grid,qwen2.5-7b-instruct,mmlu_pro,0.7,min_p,62.0,65.33333333333333,-3.3333333333333286,-4.666666666666666,-13.333333333333332,4.0,60.66666666666667
main_grid,qwen2.5-7b-instruct,mmlu_pro,0.7,top_n_sigma,62.0,65.33333333333333,-3.3333333333333286,-7.999999999999999,-16.666666666666668,-5.684341886080802e-16,57.333333333333336
main_grid,qwen2.5-7b-instruct,mmlu_pro,1.0,top_p,62.0,66.0,-4.0,-1.3333333333333328,-8.0,5.333333333333335,64.66666666666666
main_grid,qwen2.5-7b-instruct,mmlu_pro,1.0,top_k,62.0,66.0,-4.0,-4.666666666666666,-11.333333333333332,1.3333333333333337,61.33333333333333
main_grid,qwen2.5-7b-instruct,mmlu_pro,1.0,min_p,62.0,66.0,-4.0,-4.666666666666666,-11.999999999999998,2.6666666666666674,61.33333333333333
main_grid,qwen2.5-7b-instruct,mmlu_pro,1.0,top_n_sigma,62.0,66.0,-4.0,-1.3333333333333324,-8.0,5.333333333333335,64.66666666666666
main_grid,qwen2.5-7b-instruct,mmlu_pro,1.3,top_p,62.0,57.99999999999999,4.000000000000007,2.666666666666666,-5.333333333333334,10.000000000000002,60.66666666666667
main_grid,qwen2.5-7b-instruct,mmlu_pro,1.3,top_k,62.0,57.99999999999999,4.000000000000007,-1.3333333333333337,-9.333333333333336,6.016666666666577,56.666666666666664
main_grid,qwen2.5-7b-instruct,mmlu_pro,1.3,min_p,62.0,57.99999999999999,4.000000000000007,-1.333333333333334,-10.0,7.333333333333334,56.666666666666664
main_grid,qwen2.5-7b-instruct,mmlu_pro,1.3,top_n_sigma,62.0,57.99999999999999,4.000000000000007,2.0,-3.9999999999999996,8.683333333333243,60.0
main_grid,qwen3-1.7b,gsm8k,0.7,top_p,80.0,79.33333333333331,0.6666666666666856,-0.6666666666666665,-6.666666666666666,5.333333333333334,78.66666666666666
main_grid,qwen3-1.7b,gsm8k,0.7,top_k,80.0,79.33333333333331,0.6666666666666856,-0.6666666666666674,-6.666666666666668,5.333333333333332,78.66666666666666
main_grid,qwen3-1.7b,gsm8k,0.7,min_p,80.0,79.33333333333331,0.6666666666666856,-2.666666666666666,-9.333333333333332,4.0,76.66666666666666
main_grid,qwen3-1.7b,gsm8k,0.7,top_n_sigma,80.0,79.33333333333331,0.6666666666666856,-2.666666666666667,-9.333333333333332,3.333333333333333,76.66666666666666
main_grid,qwen3-1.7b,gsm8k,1.0,top_p,80.0,75.33333333333333,4.666666666666671,3.333333333333334,-3.333333333333334,10.666666666666664,78.66666666666666
main_grid,qwen3-1.7b,gsm8k,1.0,top_k,80.0,75.33333333333333,4.666666666666671,0.0,-4.666666666666667,4.666666666666666,75.33333333333334
main_grid,qwen3-1.7b,gsm8k,1.0,min_p,80.0,75.33333333333333,4.666666666666671,-2.666666666666666,-7.999999999999999,2.0000000000000004,72.66666666666666
main_grid,qwen3-1.7b,gsm8k,1.0,top_n_sigma,80.0,75.33333333333333,4.666666666666671,0.6666666666666663,-4.0,5.333333333333334,76.0
main_grid,qwen3-1.7b,gsm8k,1.3,top_p,80.0,74.0,6.0,5.333333333333334,-1.9999999999999993,12.683333333333245,79.33333333333333
main_grid,qwen3-1.7b,gsm8k,1.3,top_k,80.0,74.0,6.0,3.333333333333333,-4.000000000000001,11.333333333333332,77.33333333333333
main_grid,qwen3-1.7b,gsm8k,1.3,min_p,80.0,74.0,6.0,2.6666666666666674,-4.666666666666666,9.999999999999998,76.66666666666666
main_grid,qwen3-1.7b,gsm8k,1.3,top_n_sigma,80.0,74.0,6.0,2.666666666666666,-4.666666666666667,9.999999999999998,76.66666666666666
main_grid,qwen3-1.7b,mmlu_pro,0.7,top_p,50.0,48.0,2.0,1.9999999999999993,-5.999999999999999,9.999999999999998,50.0
main_grid,qwen3-1.7b,mmlu_pro,0.7,top_k,50.0,48.0,2.0,0.6666666666666663,-4.666666666666666,5.999999999999999,48.666666666666664
main_grid,qwen3-1.7b,mmlu_pro,0.7,min_p,50.0,48.0,2.0,-1.9999999999999991,-9.333333333333332,5.333333333333332,46.0
main_grid,qwen3-1.7b,mmlu_pro,0.7,top_n_sigma,50.0,48.0,2.0,1.3333333333333337,-5.999999999999999,8.666666666666666,49.33333333333333
main_grid,qwen3-1.7b,mmlu_pro,1.0,top_p,50.0,47.33333333333333,2.6666666666666714,1.9999999999999993,-4.666666666666666,8.666666666666664,49.333333333333336
main_grid,qwen3-1.7b,mmlu_pro,1.0,top_k,50.0,47.33333333333333,2.6666666666666714,-4.666666666666666,-11.999999999999998,2.0,42.666666666666664
main_grid,qwen3-1.7b,mmlu_pro,1.0,min_p,50.0,47.33333333333333,2.6666666666666714,-3.333333333333333,-10.666666666666664,3.333333333333334,44.0
main_grid,qwen3-1.7b,mmlu_pro,1.0,top_n_sigma,50.0,47.33333333333333,2.6666666666666714,4.666666666666666,-0.6666666666666665,9.999999999999998,51.99999999999999
main_grid,qwen3-1.7b,mmlu_pro,1.3,top_p,50.0,47.33333333333333,2.6666666666666714,-0.6666666666666674,-7.999999999999999,6.0,46.666666666666664
main_grid,qwen3-1.7b,mmlu_pro,1.3,top_k,50.0,47.33333333333333,2.6666666666666714,0.0,-7.999999999999997,7.333333333333334,47.33333333333333
main_grid,qwen3-1.7b,mmlu_pro,1.3,min_p,50.0,47.33333333333333,2.6666666666666714,-1.333333333333333,-9.333333333333332,6.666666666666666,45.99999999999999
main_grid,qwen3-1.7b,mmlu_pro,1.3,top_n_sigma,50.0,47.33333333333333,2.6666666666666714,3.333333333333334,-4.666666666666665,11.333333333333332,50.66666666666666
main_grid,qwen3-4b,gsm8k,0.7,top_p,98.0,96.0,2.0,1.3333333333333335,-1.333333333333333,4.0,97.33333333333334
main_grid,qwen3-4b,gsm8k,0.7,top_k,98.0,96.0,2.0,1.3333333333333335,-0.6666666666666667,4.0,97.33333333333333
main_grid,qwen3-4b,gsm8k,0.7,min_p,98.0,96.0,2.0,0.0,-2.666666666666667,2.666666666666667,96.0
main_grid,qwen3-4b,gsm8k,0.7,top_n_sigma,98.0,96.0,2.0,1.4210854715202004e-16,-2.666666666666666,2.666666666666667,96.0
main_grid,qwen3-4b,gsm8k,1.0,top_p,98.0,96.66666666666667,1.3333333333333286,0.6666666666666667,-1.3333333333333335,3.333333333333334,97.33333333333333
main_grid,qwen3-4b,gsm8k,1.0,top_k,98.0,96.66666666666667,1.3333333333333286,-2.0,-4.666666666666666,0.0,94.66666666666666
main_grid,qwen3-4b,gsm8k,1.0,min_p,98.0,96.66666666666667,1.3333333333333286,-0.6666666666666669,-4.016666666666667,2.666666666666666,96.0
main_grid,qwen3-4b,gsm8k,1.0,top_n_sigma,98.0,96.66666666666667,1.3333333333333286,0.0,-2.0,2.0,96.66666666666667
main_grid,qwen3-4b,gsm8k,1.3,top_p,98.0,93.33333333333333,4.666666666666671,0.6666666666666665,-4.0,4.666666666666668,94.0
main_grid,qwen3-4b,gsm8k,1.3,top_k,98.0,93.33333333333333,4.666666666666671,1.333333333333333,-2.0,5.333333333333334,94.66666666666666
main_grid,qwen3-4b,gsm8k,1.3,min_p,98.0,93.33333333333333,4.666666666666671,1.9999999999999998,-1.3333333333333337,6.0,95.33333333333333
main_grid,qwen3-4b,gsm8k,1.3,top_n_sigma,98.0,93.33333333333333,4.666666666666671,2.0,-1.3333333333333335,6.0,95.33333333333333
main_grid,qwen3-4b,mmlu_pro,0.7,top_p,66.0,64.0,2.0,-3.3333333333333326,-8.666666666666664,1.3333333333333335,60.66666666666667
main_grid,qwen3-4b,mmlu_pro,0.7,top_k,66.0,64.0,2.0,4.263256414560601e-16,-4.0,4.0,64.0
main_grid,qwen3-4b,mmlu_pro,0.7,min_p,66.0,64.0,2.0,-4.666666666666668,-11.333333333333332,1.333333333333333,59.33333333333333
main_grid,qwen3-4b,mmlu_pro,0.7,top_n_sigma,66.0,64.0,2.0,-3.333333333333333,-8.666666666666664,1.3333333333333335,60.66666666666667
main_grid,qwen3-4b,mmlu_pro,1.0,top_p,66.0,60.66666666666666,5.333333333333343,-8.526512829121202e-16,-5.333333333333335,6.016666666666576,60.66666666666667
main_grid,qwen3-4b,mmlu_pro,1.0,top_k,66.0,60.66666666666666,5.333333333333343,1.9999999999999993,-2.666666666666667,6.666666666666666,62.66666666666666
main_grid,qwen3-4b,mmlu_pro,1.0,min_p,66.0,60.66666666666666,5.333333333333343,3.3333333333333326,-2.6666666666666674,9.999999999999998,64.0
main_grid,qwen3-4b,mmlu_pro,1.0,top_n_sigma,66.0,60.66666666666666,5.333333333333343,3.9999999999999987,-1.3333333333333337,9.999999999999998,64.66666666666666
main_grid,qwen3-4b,mmlu_pro,1.3,top_p,66.0,64.66666666666667,1.3333333333333286,-4.666666666666667,-12.0,2.666666666666666,60.0
main_grid,qwen3-4b,mmlu_pro,1.3,top_k,66.0,64.66666666666667,1.3333333333333286,-1.9999999999999998,-9.333333333333334,4.666666666666666,62.66666666666666
main_grid,qwen3-4b,mmlu_pro,1.3,min_p,66.0,64.66666666666667,1.3333333333333286,-1.333333333333333,-6.666666666666665,4.0,63.33333333333333
main_grid,qwen3-4b,mmlu_pro,1.3,top_n_sigma,66.0,64.66666666666667,1.3333333333333286,-0.6666666666666664,-6.666666666666665,4.666666666666668,64.0
main_grid,qwen3-8b,gsm8k,0.7,top_p,96.0,92.66666666666666,3.333333333333343,4.0,-1.9999999999999993,10.666666666666664,96.66666666666666
main_grid,qwen3-8b,gsm8k,0.7,top_k,96.0,92.66666666666666,3.333333333333343,2.0,-2.0000000000000004,6.0,94.66666666666666
main_grid,qwen3-8b,gsm8k,0.7,min_p,96.0,92.66666666666666,3.333333333333343,1.333333333333333,-2.666666666666667,5.333333333333334,94.0
main_grid,qwen3-8b,gsm8k,0.7,top_n_sigma,96.0,92.66666666666666,3.333333333333343,2.666666666666666,-2.0,7.333333333333334,95.33333333333333
main_grid,qwen3-8b,gsm8k,1.0,top_p,96.0,94.0,2.0,0.0,-3.9999999999999996,4.0,94.0
main_grid,qwen3-8b,gsm8k,1.0,top_k,96.0,94.0,2.0,0.6666666666666665,-2.666666666666667,4.0,94.66666666666666
main_grid,qwen3-8b,gsm8k,1.0,min_p,96.0,94.0,2.0,1.3333333333333328,-2.666666666666667,5.333333333333334,95.33333333333333
main_grid,qwen3-8b,gsm8k,1.0,top_n_sigma,96.0,94.0,2.0,-1.3333333333333335,-5.999999999999999,3.3333333333333326,92.66666666666666
main_grid,qwen3-8b,gsm8k,1.3,top_p,96.0,94.66666666666666,1.3333333333333428,-0.6666666666666664,-3.3333333333333326,1.3333333333333337,94.0
main_grid,qwen3-8b,gsm8k,1.3,top_k,96.0,94.66666666666666,1.3333333333333428,-2.0,-6.0,0.6666666666666667,92.66666666666667
main_grid,qwen3-8b,gsm8k,1.3,min_p,96.0,94.66666666666666,1.3333333333333428,-2.0,-6.666666666666668,2.0,92.66666666666666
main_grid,qwen3-8b,gsm8k,1.3,top_n_sigma,96.0,94.66666666666666,1.3333333333333428,0.0,-2.666666666666667,2.666666666666667,94.66666666666666
main_grid,qwen3-8b,mmlu_pro,0.7,top_p,62.0,60.66666666666667,1.3333333333333286,0.6666666666666664,-4.666666666666666,6.666666666666666,61.33333333333334
main_grid,qwen3-8b,mmlu_pro,0.7,top_k,62.0,60.66666666666667,1.3333333333333286,-3.333333333333333,-10.0,4.0,57.33333333333333
main_grid,qwen3-8b,mmlu_pro,0.7,min_p,62.0,60.66666666666667,1.3333333333333286,1.3333333333333335,-3.333333333333334,6.666666666666666,62.0
main_grid,qwen3-8b,mmlu_pro,0.7,top_n_sigma,62.0,60.66666666666667,1.3333333333333286,1.333333333333333,-3.333333333333333,6.666666666666665,62.0
main_grid,qwen3-8b,mmlu_pro,1.0,top_p,62.0,60.0,2.0,-2.6666666666666656,-11.999999999999998,5.333333333333335,57.33333333333333
main_grid,qwen3-8b,mmlu_pro,1.0,top_k,62.0,60.0,2.0,2.0,-4.000000000000001,7.999999999999999,62.0
main_grid,qwen3-8b,mmlu_pro,1.0,min_p,62.0,60.0,2.0,-0.6666666666666653,-7.333333333333332,6.000000000000001,59.33333333333333
main_grid,qwen3-8b,mmlu_pro,1.0,top_n_sigma,62.0,60.0,2.0,-1.3333333333333326,-7.333333333333332,4.000000000000001,58.666666666666664
main_grid,qwen3-8b,mmlu_pro,1.3,top_p,62.0,57.99999999999999,4.000000000000007,0.6666666666666662,-7.333333333333335,8.666666666666666,58.666666666666664
main_grid,qwen3-8b,mmlu_pro,1.3,top_k,62.0,57.99999999999999,4.000000000000007,-2.0,-8.666666666666666,4.666666666666667,55.99999999999999
main_grid,qwen3-8b,mmlu_pro,1.3,min_p,62.0,57.99999999999999,4.000000000000007,0.6666666666666675,-6.666666666666665,8.000000000000002,58.666666666666664
main_grid,qwen3-8b,mmlu_pro,1.3,top_n_sigma,62.0,57.99999999999999,4.000000000000007,3.9999999999999996,-1.9999999999999998,10.666666666666664,62.0
panel_grid,hermes-3-llama-3.1-8b,gsm8k,0.7,top_p,82.0,71.33333333333333,10.666666666666671,3.333333333333333,-3.333333333333334,10.000000000000002,74.66666666666666
panel_grid,hermes-3-llama-3.1-8b,gsm8k,0.7,top_k,82.0,71.33333333333333,10.666666666666671,2.666666666666666,-3.333333333333334,8.666666666666666,74.0
panel_grid,hermes-3-llama-3.1-8b,gsm8k,0.7,min_p,82.0,71.33333333333333,10.666666666666671,3.9999999999999996,-2.0000000000000004,10.0,75.33333333333333
panel_grid,hermes-3-llama-3.1-8b,gsm8k,0.7,top_n_sigma,82.0,71.33333333333333,10.666666666666671,-0.6666666666666659,-5.999999999999999,4.683333333333245,70.66666666666667
panel_grid,hermes-3-llama-3.1-8b,gsm8k,1.0,top_p,82.0,77.33333333333334,4.666666666666657,2.666666666666667,-3.3333333333333326,8.016666666666577,79.99999999999999
panel_grid,hermes-3-llama-3.1-8b,gsm8k,1.0,top_k,82.0,77.33333333333334,4.666666666666657,-4.666666666666665,-10.683333333333334,1.333333333333333,72.66666666666666
panel_grid,hermes-3-llama-3.1-8b,gsm8k,1.0,min_p,82.0,77.33333333333334,4.666666666666657,-1.3333333333333326,-6.666666666666665,3.9999999999999987,76.0
panel_grid,hermes-3-llama-3.1-8b,gsm8k,1.0,top_n_sigma,82.0,77.33333333333334,4.666666666666657,-2.666666666666667,-9.333333333333332,3.333333333333334,74.66666666666667
panel_grid,hermes-3-llama-3.1-8b,gsm8k,1.3,top_p,82.0,60.0,22.0,11.333333333333336,2.666666666666668,19.333333333333336,71.33333333333333
panel_grid,hermes-3-llama-3.1-8b,gsm8k,1.3,top_k,82.0,60.0,22.0,7.333333333333334,-0.6666666666666665,14.666666666666668,67.33333333333333
panel_grid,hermes-3-llama-3.1-8b,gsm8k,1.3,min_p,82.0,60.0,22.0,11.333333333333332,3.333333333333334,19.33333333333333,71.33333333333333
panel_grid,hermes-3-llama-3.1-8b,gsm8k,1.3,top_n_sigma,82.0,60.0,22.0,17.333333333333332,10.666666666666664,24.0,77.33333333333333
panel_grid,hermes-3-llama-3.1-8b,mmlu_pro,0.7,top_p,52.0,42.666666666666664,9.333333333333336,-1.333333333333333,-8.666666666666668,5.999999999999999,41.33333333333333
panel_grid,hermes-3-llama-3.1-8b,mmlu_pro,0.7,top_k,52.0,42.666666666666664,9.333333333333336,4.263256414560601e-16,-8.666666666666664,8.0,42.666666666666664
panel_grid,hermes-3-llama-3.1-8b,mmlu_pro,0.7,min_p,52.0,42.666666666666664,9.333333333333336,1.333333333333333,-6.0,8.0,44.0
panel_grid,hermes-3-llama-3.1-8b,mmlu_pro,0.7,top_n_sigma,52.0,42.666666666666664,9.333333333333336,1.9999999999999993,-4.666666666666667,8.666666666666664,44.666666666666664
panel_grid,hermes-3-llama-3.1-8b,mmlu_pro,1.0,top_p,52.0,42.666666666666664,9.333333333333336,4.666666666666666,-2.666666666666667,11.999999999999998,47.33333333333333
panel_grid,hermes-3-llama-3.1-8b,mmlu_pro,1.0,top_k,52.0,42.666666666666664,9.333333333333336,-0.6666666666666662,-7.999999999999999,6.666666666666666,42.0
panel_grid,hermes-3-llama-3.1-8b,mmlu_pro,1.0,min_p,52.0,42.666666666666664,9.333333333333336,-0.6666666666666662,-8.666666666666664,7.333333333333332,42.0
panel_grid,hermes-3-llama-3.1-8b,mmlu_pro,1.0,top_n_sigma,52.0,42.666666666666664,9.333333333333336,7.999999999999999,1.3333333333333344,14.666666666666664,50.66666666666667
panel_grid,hermes-3-llama-3.1-8b,mmlu_pro,1.3,top_p,52.0,26.0,26.0,12.666666666666664,5.333333333333334,19.999999999999996,38.666666666666664
panel_grid,hermes-3-llama-3.1-8b,mmlu_pro,1.3,top_k,52.0,26.0,26.0,8.666666666666666,1.999999999999999,15.999999999999998,34.666666666666664
panel_grid,hermes-3-llama-3.1-8b,mmlu_pro,1.3,min_p,52.0,26.0,26.0,20.0,11.999999999999998,29.333333333333325,46.0
panel_grid,hermes-3-llama-3.1-8b,mmlu_pro,1.3,top_n_sigma,52.0,26.0,26.0,12.666666666666668,3.9999999999999987,22.000000000000004,38.666666666666664
panel_grid,olmo-3-7b-instruct,gsm8k,0.7,top_p,90.0,88.66666666666666,1.3333333333333428,-4.0,-8.666666666666666,0.6666666666666665,84.66666666666666
panel_grid,olmo-3-7b-instruct,gsm8k,0.7,top_k,90.0,88.66666666666666,1.3333333333333428,-3.9999999999999996,-9.333333333333332,0.0,84.66666666666666
panel_grid,olmo-3-7b-instruct,gsm8k,0.7,min_p,90.0,88.66666666666666,1.3333333333333428,-4.0,-9.333333333333332,0.6666666666666667,84.66666666666666
panel_grid,olmo-3-7b-instruct,gsm8k,0.7,top_n_sigma,90.0,88.66666666666666,1.3333333333333428,-1.9999999999999998,-5.333333333333334,1.333333333333333,86.66666666666666
panel_grid,olmo-3-7b-instruct,gsm8k,1.0,top_p,90.0,81.33333333333334,8.666666666666657,7.333333333333332,3.3333333333333326,12.0,88.66666666666666
panel_grid,olmo-3-7b-instruct,gsm8k,1.0,top_k,90.0,81.33333333333334,8.666666666666657,4.0,0.0,8.666666666666666,85.33333333333333
panel_grid,olmo-3-7b-instruct,gsm8k,1.0,min_p,90.0,81.33333333333334,8.666666666666657,2.0,-2.666666666666666,6.666666666666666,83.33333333333333
panel_grid,olmo-3-7b-instruct,gsm8k,1.0,top_n_sigma,90.0,81.33333333333334,8.666666666666657,2.666666666666667,-3.3333333333333326,8.683333333333243,84.0
panel_grid,olmo-3-7b-instruct,gsm8k,1.3,top_p,90.0,76.0,14.0,6.0,1.3333333333333337,10.666666666666668,82.0
panel_grid,olmo-3-7b-instruct,gsm8k,1.3,top_k,90.0,76.0,14.0,2.666666666666666,-3.333333333333334,9.333333333333332,78.66666666666666
panel_grid,olmo-3-7b-instruct,gsm8k,1.3,min_p,90.0,76.0,14.0,2.0000000000000004,-3.9999999999999996,9.333333333333334,78.0
panel_grid,olmo-3-7b-instruct,gsm8k,1.3,top_n_sigma,90.0,76.0,14.0,10.0,3.333333333333334,17.33333333333333,86.0
panel_grid,olmo-3-7b-instruct,mmlu_pro,0.7,top_p,46.0,42.0,4.0,1.333333333333333,-3.9999999999999987,6.666666666666666,43.33333333333333
panel_grid,olmo-3-7b-instruct,mmlu_pro,0.7,top_k,46.0,42.0,4.0,-2.0,-8.666666666666664,3.9999999999999996,40.0
panel_grid,olmo-3-7b-instruct,mmlu_pro,0.7,min_p,46.0,42.0,4.0,1.333333333333333,-4.666666666666668,7.999999999999999,43.33333333333333
panel_grid,olmo-3-7b-instruct,mmlu_pro,0.7,top_n_sigma,46.0,42.0,4.0,-0.6666666666666669,-5.333333333333332,3.333333333333333,41.33333333333333
panel_grid,olmo-3-7b-instruct,mmlu_pro,1.0,top_p,46.0,41.333333333333336,4.666666666666664,-1.9999999999999998,-8.666666666666666,4.666666666666668,39.333333333333336
panel_grid,olmo-3-7b-instruct,mmlu_pro,1.0,top_k,46.0,41.333333333333336,4.666666666666664,-0.6666666666666657,-7.999999999999999,6.666666666666666,40.666666666666664
panel_grid,olmo-3-7b-instruct,mmlu_pro,1.0,min_p,46.0,41.333333333333336,4.666666666666664,-0.6666666666666669,-7.333333333333332,5.999999999999999,40.666666666666664
panel_grid,olmo-3-7b-instruct,mmlu_pro,1.0,top_n_sigma,46.0,41.333333333333336,4.666666666666664,1.3333333333333326,-6.0,8.666666666666666,42.666666666666664
panel_grid,olmo-3-7b-instruct,mmlu_pro,1.3,top_p,46.0,26.666666666666668,19.333333333333332,10.0,2.666666666666667,17.333333333333336,36.666666666666664
panel_grid,olmo-3-7b-instruct,mmlu_pro,1.3,top_k,46.0,26.666666666666668,19.333333333333332,10.666666666666664,4.000000000000001,17.333333333333336,37.33333333333333
panel_grid,olmo-3-7b-instruct,mmlu_pro,1.3,min_p,46.0,26.666666666666668,19.333333333333332,16.0,8.0,24.0,42.666666666666664
panel_grid,olmo-3-7b-instruct,mmlu_pro,1.3,top_n_sigma,46.0,26.666666666666668,19.333333333333332,13.333333333333332,5.999999999999999,22.0,40.0
panel_grid,qwen3.5-9b,gsm8k,0.7,top_p,78.0,81.33333333333333,-3.3333333333333286,-0.6666666666666667,-4.666666666666666,3.3333333333333326,80.66666666666666
panel_grid,qwen3.5-9b,gsm8k,0.7,top_k,78.0,81.33333333333333,-3.3333333333333286,-2.842170943040401e-16,-5.333333333333334,5.333333333333332,81.33333333333334
panel_grid,qwen3.5-9b,gsm8k,0.7,min_p,78.0,81.33333333333333,-3.3333333333333286,1.3333333333333326,-3.333333333333334,5.333333333333332,82.66666666666666
panel_grid,qwen3.5-9b,gsm8k,0.7,top_n_sigma,78.0,81.33333333333333,-3.3333333333333286,-2.666666666666667,-8.0,1.9999999999999998,78.66666666666666
panel_grid,qwen3.5-9b,gsm8k,1.0,top_p,78.0,80.0,-2.0,0.666666666666667,-5.333333333333332,6.666666666666666,80.66666666666666
panel_grid,qwen3.5-9b,gsm8k,1.0,top_k,78.0,80.0,-2.0,0.6666666666666665,-5.999999999999999,7.333333333333332,80.66666666666666
panel_grid,qwen3.5-9b,gsm8k,1.0,min_p,78.0,80.0,-2.0,2.666666666666666,-1.333333333333333,7.333333333333332,82.66666666666666
panel_grid,qwen3.5-9b,gsm8k,1.0,top_n_sigma,78.0,80.0,-2.0,4.666666666666667,-1.3333333333333326,11.333333333333336,84.66666666666666
panel_grid,qwen3.5-9b,gsm8k,1.3,top_p,78.0,74.0,4.0,5.999999999999999,1.3333333333333335,11.333333333333332,80.0
panel_grid,qwen3.5-9b,gsm8k,1.3,top_k,78.0,74.0,4.0,3.3333333333333344,-4.0,10.683333333333243,77.33333333333333
panel_grid,qwen3.5-9b,gsm8k,1.3,min_p,78.0,74.0,4.0,9.333333333333336,0.6666666666666674,18.0,83.33333333333333
panel_grid,qwen3.5-9b,gsm8k,1.3,top_n_sigma,78.0,74.0,4.0,7.333333333333332,1.3333333333333344,13.34999999999991,81.33333333333333
panel_grid,qwen3.5-9b,mmlu_pro,0.7,top_p,64.0,60.0,4.0,2.0,-1.333333333333333,5.333333333333332,61.999999999999986
panel_grid,qwen3.5-9b,mmlu_pro,0.7,top_k,64.0,60.0,4.0,-0.6666666666666669,-5.333333333333334,3.9999999999999987,59.333333333333336
panel_grid,qwen3.5-9b,mmlu_pro,0.7,min_p,64.0,60.0,4.0,1.333333333333333,0.0,3.333333333333333,61.33333333333333
panel_grid,qwen3.5-9b,mmlu_pro,0.7,top_n_sigma,64.0,60.0,4.0,-2.0000000000000004,-6.666666666666665,2.0,57.99999999999999
panel_grid,qwen3.5-9b,mmlu_pro,1.0,top_p,64.0,58.666666666666664,5.333333333333336,2.0,-1.333333333333333,5.333333333333332,60.66666666666667
panel_grid,qwen3.5-9b,mmlu_pro,1.0,top_k,64.0,58.666666666666664,5.333333333333336,-1.9999999999999998,-6.666666666666665,1.3333333333333337,56.66666666666666
panel_grid,qwen3.5-9b,mmlu_pro,1.0,min_p,64.0,58.666666666666664,5.333333333333336,-2.666666666666666,-7.333333333333332,1.9999999999999998,56.00000000000001
panel_grid,qwen3.5-9b,mmlu_pro,1.0,top_n_sigma,64.0,58.666666666666664,5.333333333333336,2.666666666666666,-2.0,7.34999999999991,61.33333333333333
panel_grid,qwen3.5-9b,mmlu_pro,1.3,top_p,64.0,38.0,26.0,15.333333333333332,9.333333333333332,22.666666666666664,53.333333333333336
panel_grid,qwen3.5-9b,mmlu_pro,1.3,top_k,64.0,38.0,26.0,15.333333333333332,8.0,24.0,53.333333333333336
panel_grid,qwen3.5-9b,mmlu_pro,1.3,min_p,64.0,38.0,26.0,17.333333333333332,10.0,26.0,55.33333333333332
panel_grid,qwen3.5-9b,mmlu_pro,1.3,top_n_sigma,64.0,38.0,26.0,21.33333333333333,13.333333333333332,30.0,59.33333333333333
